direction,name,city,state,postal_code,lat,lng
FROM,Fulfillment - Ontario,Ontario,CA,91761,34.0633,-117.6509
FROM,Fulfillment - Oklahoma City,Oklahoma City,OK,73102,35.4676,-97.5164
FROM,Fulfillment - Stockton,Stockton,CA,95202,37.9577,-121.2908
FROM,Fulfillment - Austin,Austin,TX,78701,30.2672,-97.7431
FROM,Fulfillment - Atlanta,Atlanta,GA,30318,33.749,-84.388
FROM,Fulfillment - Columbus,Columbus,OH,43215,39.9612,-82.9988
FROM,Fulfillment - Philadelphia,Philadelphia,PA,19107,39.9526,-75.1652
FROM,Fulfillment - Dallas,Dallas,TX,75201,32.7767,-96.797
FROM,Fulfillment - Jacksonville,Jacksonville,FL,32202,30.3322,-81.6557
FROM,Fulfillment - Chicago,Chicago,IL,60601,41.8781,-87.6298
FROM,Fulfillment - Denver,Denver,CO,80202,39.7392,-104.9903
FROM,Fulfillment - Portland,Portland,OR,97204,45.5152,-122.6784
FROM,Fulfillment - Boston,Boston,MA,02108,42.3601,-71.0589
FROM,Fulfillment - Boise,Boise,ID,83702,43.615,-116.2023
FROM,Indianapolis Fulfillment,Indianapolis,IN,46241,39.7400,-86.2800
FROM,Phoenix Fulfillment,Phoenix,AZ,85020,33.5917,-112.0439
FROM,Saint Louis Fulfillment,Saint Louis,MO,63103,38.6208,-90.2116
FROM,Harrisburg Fulfillment,Harrisburg,PA,17103,40.2824,-76.8810
FROM,Louisville Fulfillment,Louisville,KY,40245,38.2900,-85.5100
FROM,Nashville Fulfillment,Nashville,TN,37211,36.0851,-86.6908
FROM,Fulfillment - Greensboro,Greensboro,NC,27406,36.06871,-79.78289
FROM,Spokane,Spokane,WA,,47.6588,-117.4260
FROM,Troutdale,Troutdale,OR,,45.5393,-122.3873
From,Fulfillment - Albuquerque,Albuquerque,NM,87113,35.1824,-106.5856
From,Fulfillment - Kansas City,Kansas City,MO,64106,39.0841667,-94.5761111
From,Fulfillment - Billings,Billings,MT,59102,45.783398,-108.5237
From,Fulfillment - Minneapolis,Minneapolis,MN,55418,45.0049,-93.2514
FROM,San Antonio,San Antonio,TX,78205,29.4241,-98.4936
FROM,Fulfillment - Hewitt,Hewitt,TX,76643,31.46239,-97.195838
FROM,Fulfillment - Aubrey,Aubrey,TX,76227,33.3043,-96.9861
TO,Brooklyn,Brooklyn,NY,11217,40.6782,-73.9442
TO,Phoenix,Phoenix,AZ,85004,33.4484,-112.074
TO,Houston,Houston,TX,77002,29.7604,-95.3698
TO,San Antonio,San Antonio,TX,78205,29.4241,-98.4936
TO,Jacksonville,Jacksonville,FL,32202,30.3322,-81.6557
TO,Chicago,Chicago,IL,60601,41.8781,-87.6298
TO,Dallas,Dallas,TX,75201,32.7767,-96.797
TO,Wilmington,Wilmington,DE,19801,39.7447,-75.5484
TO,Austin,Austin,TX,78704,30.2672,-97.7431
TO,Canton,Canton,OH,44702,40.7989,-81.3784
TO,Charlotte,Charlotte,NC,28202,35.2271,-80.8431
TO,New York,New York,NY,10001,40.7128,-74.006
TO,Atlanta,Atlanta,GA,30303,33.749,-84.388
TO,Franklin,Franklin,TN,37064,35.9251,-86.8689
TO,Lexington,Lexington,KY,40507,38.0406,-84.5037
TO,Orlando,Orlando,FL,32801,28.5383,-81.3792
TO,Rochester,Rochester,NY,14604,43.1566,-77.6088
TO,Las Vegas,Las Vegas,NV,89109,36.1699,-115.1398
TO,Louisville,Louisville,KY,40202,38.2527,-85.7585
TO,Marietta,Marietta,GA,30060,33.9526,-84.5499
TO,Colorado Springs,Colorado Springs,CO,80903,38.8339,-104.8214
TO,Columbus,Columbus,OH,43215,39.9612,-82.9988
TO,Marble Falls,Marble Falls,TX,78654,30.5782,-98.2728
TO,Tampa,Tampa,FL,33606,27.9506,-82.4572
TO,San Diego,San Diego,CA,92101,32.7157,-117.1611
TO,Columbia,Columbia,SC,29201,34.0007,-81.0348
TO,Greenville,Greenville,SC,29601,34.8526,-82.394
TO,Lebanon,Lebanon,TN,37087,36.2081,-86.2911
TO,Salem,Salem,OR,97301,44.9429,-123.0351
TO,Cleveland,Cleveland,OH,44114,41.4993,-81.6944
TO,Denver,Denver,CO,80202,39.7392,-104.9903
TO,Omaha,Omaha,NE,68102,41.2565,-95.9345
TO,Portland,Portland,OR,97205,45.5152,-122.6784
TO,Raleigh,Raleigh,NC,27601,35.7796,-78.6382
TO,Richmond,Richmond,VA,23219,37.5407,-77.436
TO,Jackson,Jackson,MS,39201,32.2988,-90.1848
TO,Albany,Albany,NY,12207,42.6526,-73.7562
TO,Fort Worth,Fort Worth,TX,76164,32.7555,-97.3308
TO,Oklahoma City,Oklahoma City,OK,73102,35.4676,-97.5164
TO,Chesapeake,Chesapeake,VA,23320,36.7682,-76.2875
TO,Miami,Miami,FL,33131,25.7617,-80.1918
TO,Milford,Milford,CT,06460,41.2223,-73.0565
TO,Pittsburgh,Pittsburgh,PA,15222,40.4406,-79.9959
TO,San Francisco,San Francisco,CA,94103,37.7749,-122.4194
TO,San Jose,San Jose,CA,95112,37.3382,-121.8863
TO,Tucson,Tucson,AZ,85701,32.2226,-110.9747
TO,Virginia Beach,Virginia Beach,VA,23451,36.8529,-75.978
TO,Albuquerque,Albuquerque,NM,87102,35.0844,-106.6504
TO,Gilbert,Gilbert,AZ,85233,33.3528,-111.789
TO,Springfield,Springfield,IL,62701,39.7817,-89.6501
TO,Alexandria,Alexandria,VA,22314,38.8048,-77.0469
TO,Kansas City,Kansas City,MO,64106,39.0997,-94.5786
TO,Knoxville,Knoxville,TN,37902,35.9606,-83.9207
TO,Lakewood,Lakewood,CO,80226,39.7047,-105.0814
TO,Nashville,Nashville,TN,37203,36.1627,-86.7816
TO,Saint Louis,Saint Louis,MO,63101,38.627,-90.1994
TO,Seattle,Seattle,WA,98101,47.6062,-122.3321
TO,Arlington,Arlington,TX,76010,32.7357,-97.1081
TO,Aurora,Aurora,CO,80012,39.7294,-104.8319
TO,Boise,Boise,ID,83702,43.6150,-116.2023
TO,Indianapolis,Indianapolis,IN,46204,39.7684,-86.1581
TO,Naples,Naples,CO,81137,37.1925,-105.9878
TO,Reno,Reno,NV,89501,39.5296,-119.8138
TO,Riverside,Riverside,CA,92522,33.9806,-117.3755
TO,Bismarck,Bismarck,ND,58501,46.8083,-100.7837
TO,Fresno,Fresno,TX,77545,29.5388,-95.4602
TO,Lincoln,Lincoln,RI,02865,41.9215,-71.4723
TO,Los Angeles,Los Angeles,CA,90012,34.0537,-118.2428
TO,Mansfield,Mansfield,MA,02048,42.0334,-71.2189
TO,Milwaukee,Milwaukee,WI,53202,43.0389,-87.9065
TO,Madison,Madison,IN,47250,38.7359,-85.3799
TO,Mesa,Mesa,AZ,85201,33.4152,-111.8315
TO,Monroe,Monroe,NC,28112,34.9854,-80.5495
TO,Philadelphia,Philadelphia,PA,19107,39.9526,-75.1652
TO,Staten Island,Staten Island,NY,10301,40.5795,-74.1502
TO,Washington,Washington,DC,20004,38.8951,-77.0364
TO,Baltimore,Baltimore,MD,21202,39.2904,-76.6122
TO,Decatur,Decatur,IL,62523,39.8403,-88.9548
TO,Durham,Durham,NC,27701,35.9940,-78.8986
TO,Fayetteville,Fayetteville,AR,72701,36.0822,-94.1719
TO,Glendale,Glendale,AZ,85301,33.5387,-112.1860
TO,Midland,Midland,GA,31820,32.5674,-84.8430
TO,Scottsdale,Scottsdale,AZ,85251,33.4942,-111.9261
TO,Woodstock,Woodstock,GA,30188,34.1015,-84.5194
TO,Chandler,Chandler,AZ,85225,33.3062,-111.8413
TO,Cincinnati,Cincinnati,OH,45202,39.1031,-84.5120
TO,Covington,Covington,LA,70433,30.4755,-90.1009
TO,Fort Myers,Fort Myers,FL,33901,26.6406,-81.8723
TO,Greensboro,Greensboro,NC,27401,36.0726,-79.7920
TO,Henderson,Henderson,TX,75652,32.1532,-94.7994
TO,Hamilton,Hamilton,MI,49419,42.6514,-86.0053
TO,Lewisburg,Lewisburg,PA,17837,40.9645,-76.8844
TO,Littleton,Littleton,CO,80120,39.6133,-105.0166
TO,Mount Pleasant,Mount Pleasant,SC,29464,32.8323,-79.8284
TO,Pasadena,Pasadena,MD,21122,39.1073,-76.5716
TO,Plano,Plano,TX,75074,33.0198,-96.6989
TO,Sanford,Sanford,NC,27330,35.4799,-79.1803
TO,Wayne,Wayne,ME,04284,44.3487,-70.0662
TO,Ashland,Ashland,PA,17921,40.7818,-76.3458
TO,Burlington,Burlington,WI,53105,42.6786,-88.2762
TO,Centerville,Centerville,IA,52544,40.7347,-92.8741
TO,Clayton,Clayton,NC,27520,35.6507,-78.4564
TO,Encinitas,Encinitas,CA,92024,33.0369,-117.2919
TO,Fort Collins,Fort Collins,CO,80521,40.5853,-105.0844
TO,Golden,Golden,CO,80401,39.7555,-105.2211
TO,Hudson,Hudson,NC,28638,35.8460,-81.4920
TO,Katy,Katy,TX,77493,29.7858,-95.8244
TO,Lancaster,Lancaster,SC,29720,34.7204,-80.7709
TO,Newark,Newark,NJ,07102,40.7357,-74.1724
TO,Parker,Parker,CO,80138,39.5186,-104.7614
TO,Plymouth,Plymouth,MA,02360,41.9584,-70.6673
TO,Rancho Cucamonga,Rancho Cucamonga,CA,91730,34.1064,-117.5931
TO,Rockville,Rockville,MD,20850,39.0839,-77.1528
TO,Sacramento,Sacramento,CA,95814,38.5816,-121.4944
TO,Tallahassee,Tallahassee,FL,32301,30.4383,-84.2807
TO,The Villages,The Villages,FL,32162,28.9270,-82.0038
TO,Westfield,Westfield,IN,46074,40.0428,-86.1275
TO,Waterloo,Waterloo,IA,50703,42.4928,-92.3426
TO,West Chester,West Chester,PA,19380,39.9607,-75.6055
TO,Bend,Bend,OR,97703,44.0582,-121.3153
TO,Amarillo,Amarillo,TX,79101,35.2219,-101.8313
TO,Auburn,Auburn,MA,01501,42.1945,-71.8356
TO,Bakersfield,Bakersfield,CA,93301,35.3733,-119.0187
TO,Boca Raton,Boca Raton,FL,33432,26.3683,-80.1289
TO,Benton,Benton,LA,71006,32.6940,-93.7410
TO,Bradenton,Bradenton,FL,34205,27.4989,-82.5748
TO,Dayton,Dayton,OH,45402,39.7589,-84.1916
TO,Duluth,Duluth,MN,55802,46.7867,-92.1005
TO,Englewood,Englewood,CO,80110,39.6478,-104.9878
TO,Fort Wayne,Fort Wayne,IN,46802,41.0793,-85.1394
TO,Frederick,Frederick,MD,21701,39.4143,-77.4105
TO,Fredericksburg,Fredericksburg,VA,22401,38.3032,-77.4605
TO,Gainesville,Gainesville,FL,32601,29.6516,-82.3248
TO,Grand Rapids,Grand Rapids,MI,49503,42.9634,-85.6681
TO,Green Bay,Green Bay,WI,54301,44.5133,-88.0133
TO,Morgantown,Morgantown,WV,26505,39.6295,-79.9559
TO,Pensacola,Pensacola,FL,32502,30.4213,-87.2169
TO,Princeton,Princeton,MA,01541,42.4501,-71.8756
TO,Peoria,Peoria,AZ,85345,33.5806,-112.2374
TO,Saint Paul,Saint Paul,MN,55102,44.9537,-93.0900
TO,Savannah,Savannah,GA,31401,32.0809,-81.0912
TO,Seaford,Seaford,NY,11783,40.6659,-73.4882
TO,Seymour,Seymour,IN,47274,38.9592,-85.8903
TO,Spokane,Spokane,WA,99201,47.6588,-117.4260
TO,Windsor,Windsor,CO,80550,40.4775,-104.9014
TO,Winston-Salem,Winston-Salem,NC,27101,36.0999,-80.2442
TO,Worcester,Worcester,MA,01608,42.2626,-71.8023
TO,York,York,PA,17401,39.9626,-76.7277
TO,Antioch,Antioch,TN,37013,36.0600,-86.6720
TO,Athens,Athens,GA,30601,33.9519,-83.3576
TO,Corona,Corona,CA,92882,33.8753,-117.5664
TO,Fairfield,Fairfield,CA,94533,38.2494,-122.0399
TO,Germantown,Germantown,MD,20876,39.1732,-77.2717
TO,Hillsboro,Hillsboro,OR,97123,45.5229,-122.9898
TO,Hope Mills,Hope Mills,NC,28348,34.9704,-78.9442
TO,Hendersonville,Hendersonville,NC,28792,35.3187,-82.4609
TO,Holly Springs,Holly Springs,MS,38635,34.7676,-89.4489
TO,Homer,Homer,AK,99603,59.6425,-151.5483
TO,Laurel,Laurel,MD,20707,39.0993,-76.8483
TO,Long Beach,Long Beach,CA,90802,33.7701,-118.1937
TO,Manteca,Manteca,CA,95337,37.7974,-121.2161
TO,Maryville,Maryville,TN,37801,35.7565,-83.9705
TO,Magnolia,Magnolia,MS,39652,31.1432,-90.4584
TO,Memphis,Memphis,TN,38103,35.1495,-90.0490
TO,Milton,Milton,MA,02186,42.2495,-71.0662
TO,Montgomery,Montgomery,TX,77356,30.3883,-95.6963
TO,Myrtle Beach,Myrtle Beach,SC,29577,33.6891,-78.8867
TO,New Market,New Market,AL,35761,34.9104,-86.4278
TO,Ocala,Ocala,FL,34471,29.1872,-82.1401
TO,Olathe,Olathe,KS,66061,38.8814,-94.8191
TO,Oxford,Oxford,MI,48371,42.8248,-83.2647
TO,Palm Beach Gardens,Palm Beach Gardens,FL,33410,26.8234,-80.1387
TO,Roseville,Roseville,CA,95678,38.7521,-121.2880
TO,Roswell,Roswell,GA,30075,34.0232,-84.3616
TO,Rockwall,Rockwall,TX,75087,32.9312,-96.4597
TO,Spring,Spring,TX,77373,30.0799,-95.4172
TO,Salisbury,Salisbury,MA,01952,42.8418,-70.8615
TO,Santa Rosa,Santa Rosa,CA,95404,38.4405,-122.7144
TO,Sarasota,Sarasota,FL,34236,27.3364,-82.5307
TO,Vancouver,Vancouver,WA,98660,45.6387,-122.6615
TO,Westminster,Westminster,MD,21157,39.5754,-76.9958
TO,Canton,Canton,GA,30114,34.2368,-84.4908
TO,Columbia,Columbia,MO,65201,38.9517,-92.3341
TO,Naples,Naples,FL,34102,26.1420,-81.7948
TO,Fresno,Fresno,CA,93721,36.7378,-119.7871
TO,Cleveland,Cleveland,TN,37311,35.1595,-84.8766
TO,Henderson,Henderson,NV,89015,36.0395,-114.9817
TO,Lincoln,Lincoln,NE,68508,40.8136,-96.7026
TO,Wilmington,Wilmington,NC,28401,34.2257,-77.9447
TO,ARVADA,ARVADA,CO,80002,39.8028,-105.0875
TO,Anchorage,Anchorage,AK,99501,61.2181,-149.9003
TO,BIRMINGHAM,BIRMINGHAM,AL,35203,33.5186,-86.8104
TO,Bozeman,Bozeman,MT,59715,45.677,-111.0429
TO,CONROE,CONROE,TX,77301,30.3119,-95.456
TO,Carmel Valley,Carmel Valley,CA,93924,36.4839,-121.733
TO,Castle Rock,Castle Rock,CO,80104,39.3722,-104.8561
TO,Cedar Rapids,Cedar Rapids,IA,52402,41.9779,-91.6656
TO,Cooperstown,Cooperstown,NY,13326,42.7006,-74.9245
TO,Dayton,Dayton,OH,45402,39.7589,-84.1916
TO,Deland,Deland,FL,32720,29.0283,-81.3034
TO,Duluth,Duluth,MN,55802,46.7867,-92.1005
TO,FORT MILL,FORT MILL,SC,29715,35.0076,-80.9451
TO,Fargo,Fargo,ND,58102,46.8772,-96.7898
TO,Fredericksburg,Fredericksburg,VA,22401,38.3032,-77.4605
TO,Glen Allen,Glen Allen,VA,23060,37.6629,-77.5053
TO,Glendale,Glendale,AZ,85301,33.5387,-112.186
TO,Grand Junction,Grand Junction,CO,81501,39.0639,-108.5506
TO,Highlands Ranch,Highlands Ranch,CO,80126,39.5539,-104.9697
TO,Joliet,Joliet,IL,60432,41.525,-88.0817
TO,Kerrville,Kerrville,TX,78028,30.0474,-99.1403
TO,LONGMONT,LONGMONT,CO,80501,40.1672,-105.1019
TO,Long Beach,Long Beach,CA,90802,33.7701,-118.1937
TO,MARYVILLE,MARYVILLE,TN,37801,35.7564,-83.9705
TO,MOUNT PLEASANT,MOUNT PLEASANT,SC,29464,32.8323,-79.8284
TO,Minneapolis,Minneapolis,MN,55401,44.9778,-93.265
TO,Naperville,Naperville,IL,60540,41.7508,-88.1535
TO,Neosho,Neosho,MO,64850,36.869,-94.368
TO,Puyallup,Puyallup,WA,98371,47.1854,-122.2929
TO,Queen Creek,Queen Creek,AZ,85142,33.2487,-111.6343
TO,RICHMOND,RICHMOND,VA,23219,37.5407,-77.436
TO,ROSEVILLE,ROSEVILLE,CA,95678,38.7521,-121.288
TO,ROSWELL,ROSWELL,GA,30075,34.0232,-84.3616
TO,Saline,Saline,MI,48176,42.1667,-83.7816
TO,Sevierville,Sevierville,TN,37862,35.8681,-83.5618
TO,Sterling Heights,Sterling Heights,MI,48312,42.5803,-83.0302
TO,Thornton,Thornton,CO,80229,39.8681,-104.9719
TO,Ventura,Ventura,CA,93001,34.2746,-119.229
TO,WILMINGTON,WILMINGTON,MA,01887,42.5465,-71.1737
TO,WILMINGTON,WILMINGTON,DE,19801,39.7459,-75.5466
TO,West Chester,West Chester,PA,19380,39.9606,-75.6055
TO,clermont,clermont,FL,34711,28.5494,-81.7729
TO,ABILENE,ABILENE,TX,79601,32.4487,-99.7331
TO,BRICK,BRICK,NJ,08723,40.0584,-74.1046
TO,Bentonville,Bentonville,AR,72712,36.3729,-94.2088
TO,Bogart,Bogart,GA,30622,33.949,-83.5335
TO,Boston,Boston,MA,02101,42.3601,-71.0589
TO,Buffalo,Buffalo,NY,14202,42.8864,-78.8784
TO,Cary,Cary,NC,27511,35.7915,-78.7811
TO,DALLAS,DALLAS,GA,30132,33.9173,-84.8408
TO,Doylestown,Doylestown,PA,18901,40.3101,-75.1299
TO,ENGLEWOOD,ENGLEWOOD,CO,80110,39.6478,-104.9878
TO,EUGENE,EUGENE,OR,97401,44.0521,-123.0868
TO,Edmond,Edmond,OK,73003,35.6528,-97.4781
TO,FORNEY,FORNEY,TX,75126,32.7479,-96.4719
TO,FUQUAY VARINA,FUQUAY VARINA,NC,27526,35.5843,-78.8
TO,Germantown,Germantown,MD,20874,39.1731,-77.2714
TO,Glendora,Glendora,CA,91740,34.1361,-117.8653
TO,HENRICO,HENRICO,VA,23228,37.5068,-77.4075
TO,HOCKESSIN,HOCKESSIN,DE,19707,39.7787,-75.686
TO,HOLLY SPRINGS,HOLLY SPRINGS,NC,27540,35.6513,-78.8336
TO,Irvine,Irvine,CA,92602,33.6846,-117.8265
TO,LAKELAND,LAKELAND,FL,33801,28.0395,-81.9498
TO,Lakewood,Lakewood,CO,80226,39.7047,-105.0814
TO,Laurel,Laurel,MD,20707,39.0993,-76.8483
TO,Lawrence,Lawrence,KS,66044,38.9717,-95.2353
TO,League City,League City,TX,77573,29.5074,-95.0949
TO,MANSFIELD,MANSFIELD,TX,76063,32.5632,-97.1417
TO,Madison,Madison,WI,53703,43.0731,-89.4012
TO,McKinney,McKinney,TX,75069,33.1972,-96.6397
TO,Mentor,Mentor,OH,44060,41.6662,-81.3398
TO,Midland,Midland,GA,31820,32.6979,-84.8852
TO,Mount Airy,Mount Airy,MD,21771,39.3743,-77.1547
TO,NORFOLK,NORFOLK,VA,23510,36.8508,-76.2859
TO,Nampa,Nampa,ID,83651,43.5407,-116.5635
TO,Noblesville,Noblesville,IN,46060,40.0456,-86.0086
TO,ORLAND PARK,ORLAND PARK,IL,60462,41.6303,-87.8539
TO,Palm Harbor,Palm Harbor,FL,34683,28.0784,-82.7626
TO,Peoria,Peoria,AZ,85345,33.5806,-112.2374
TO,Petaluma,Petaluma,CA,94952,38.2324,-122.6367
TO,Placentia,Placentia,CA,92870,33.8722,-117.8703
TO,Prescott,Prescott,AZ,86301,34.54,-112.4685
TO,RICHARDSON,RICHARDSON,TX,75080,32.9484,-96.7299
TO,ROANOKE,ROANOKE,VA,24011,37.271,-79.9414
TO,Richmond,Richmond,TX,77469,29.5822,-95.7608
TO,SANFORD,SANFORD,ME,04073,43.4392,-70.7742
TO,Seminole,Seminole,FL,33772,27.8386,-82.7912
TO,Sheridan,Sheridan,WY,82801,44.7972,-106.9561
TO,Sparks,Sparks,NV,89431,39.5349,-119.7527
TO,Traverse City,Traverse City,MI,49684,44.7631,-85.6206
TO,Tulsa,Tulsa,OK,74103,36.154,-95.9928
TO,WAKE FOREST,WAKE FOREST,NC,27587,35.9799,-78.5097
TO,WESTFIELD,WESTFIELD,IN,46074,40.0428,-86.1275
TO,WOODSTOCK,WOODSTOCK,GA,30188,34.1014,-84.5194
TO,Waterloo,Waterloo,SC,29384,34.3418,-82.0557
TO,Waukesha,Waukesha,WI,53186,43.0117,-88.2315
TO,Wichita,Wichita,KS,67202,37.6872,-97.3301
TO,Winnsboro,Winnsboro,TX,75494,32.9573,-95.29
TO,Woodbury,Woodbury,MN,55125,44.9239,-92.9594
TO,cumming,cumming,GA,30040,34.2073,-84.1402
TO,muskegon,muskegon,MI,49440,43.2342,-86.2484
TO,ARLINGTON,ARLINGTON,TX,76010,32.7357,-97.1081
TO,Akron,Akron,OH,44308,41.0814,-81.519
TO,Albany,Albany,OR,97321,44.6365,-123.1059
TO,Alpharetta,Alpharetta,GA,30009,34.0754,-84.2941
TO,Asheville,Asheville,NC,28801,35.5951,-82.5515
TO,BIXBY,BIXBY,OK,74008,35.942,-95.8833
TO,BOULDER,BOULDER,CO,80302,40.015,-105.2705
TO,Bethlehem,Bethlehem,PA,18015,40.6259,-75.3705
TO,Brenham,Brenham,TX,77833,30.1669,-96.3977
TO,Broken Bow,Broken Bow,OK,74728,34.029,-94.7391
TO,CAPE CORAL,CAPE CORAL,FL,33904,26.5629,-81.9495
TO,CHULA VISTA,CHULA VISTA,CA,91910,32.6401,-117.0842
TO,CRAWFORDVILLE,CRAWFORDVILLE,FL,32327,30.1761,-84.3746
TO,CYPRESS,CYPRESS,TX,77429,29.9688,-95.6972
TO,Clearwater,Clearwater,FL,33755,27.9659,-82.8001
TO,Columbiana,Columbiana,AL,35051,33.1779,-86.6086
TO,Columbus,Columbus,GA,31901,32.4609,-84.9877
TO,Commack,Commack,NY,11725,40.8429,-73.2929
TO,DUBLIN,DUBLIN,CA,94568,37.7022,-121.9358
TO,Decatur,Decatur,GA,30030,33.7748,-84.2963
TO,Deltona,Deltona,FL,32725,28.9005,-81.2137
TO,Derry,Derry,NH,03038,42.8806,-71.3273
TO,Douglassville,Douglassville,PA,19518,40.2606,-75.7346
TO,EASTON,EASTON,PA,18042,40.6884,-75.2207
TO,EL PASO,EL PASO,TX,79901,31.7619,-106.485
TO,ESCONDIDO,ESCONDIDO,CA,92025,33.1192,-117.0864
TO,Fairport,Fairport,NY,14450,43.0981,-77.4422
TO,Flemington,Flemington,NJ,08822,40.5123,-74.8593
TO,Florence,Florence,SC,29501,34.1954,-79.7626
TO,Fort Lauderdale,Fort Lauderdale,FL,33301,26.1224,-80.1373
TO,Frisco,Frisco,TX,75034,33.1507,-96.8236
TO,GOODYEAR,GOODYEAR,AZ,85338,33.4353,-112.3583
TO,Gays Mills,Gays Mills,WI,54631,43.3149,-90.8507
TO,Grafton,Grafton,WI,53024,43.3197,-87.9531
TO,Green Cove Springs,Green Cove Springs,FL,32043,29.9916,-81.6781
TO,Greensburg,Greensburg,PA,15601,40.3014,-79.5389
TO,Homer,Homer,AK,99603,59.6425,-151.5483
TO,Honolulu,Honolulu,HI,96813,21.3099,-157.8581
TO,Humble,Humble,TX,77338,29.9988,-95.2621
TO,Huntington,Huntington,NY,11743,40.8681,-73.4257
TO,Idaho Falls,Idaho Falls,ID,83402,43.4916,-112.0339
TO,JACKSON,JACKSON,TN,38301,35.6145,-88.8139
TO,Jacksonville,Jacksonville,NC,28540,34.754,-77.4302
TO,Jenkintown,Jenkintown,PA,19046,40.0959,-75.1257
TO,Johnson City,Johnson City,TN,37601,36.3134,-82.3535
TO,KINGWOOD,KINGWOOD,TX,77339,30.0533,-95.2688
TO,Lansing,Lansing,MI,48933,42.7325,-84.5555
TO,Lapeer,Lapeer,MI,48446,43.0514,-83.3188
TO,Lawrenceville,Lawrenceville,GA,30043,33.9562,-83.988
TO,Lexington,Lexington,NC,27292,35.824,-80.2534
TO,Lubbock,Lubbock,TX,79401,33.5779,-101.8552
TO,MEDINA,MEDINA,OH,44256,41.1384,-81.8638
TO,Macomb,Macomb,MI,48042,42.6892,-82.9288
TO,Magnolia,Magnolia,TX,77354,30.2094,-95.7477
TO,Martinsburg,Martinsburg,WV,25401,39.4562,-77.9639
TO,Meridian,Meridian,ID,83642,43.6121,-116.3915
TO,Mobile,Mobile,AL,36602,30.6954,-88.0399
TO,Montgomery,Montgomery,TX,77316,30.3883,-95.6952
TO,Morrison,Morrison,CO,80465,39.6536,-105.1917
TO,Napa,Napa,CA,94558,38.2975,-122.2869
TO,New Braunfels,New Braunfels,TX,78130,29.703,-98.1245
TO,New Lenox,New Lenox,IL,60451,41.5117,-87.9656
TO,New Orleans,New Orleans,LA,70112,29.9511,-90.0715
TO,Newark,Newark,DE,19711,39.6837,-75.7497
TO,OAKLAND,OAKLAND,CA,94612,37.8044,-122.2712
TO,OWASSO,OWASSO,OK,74055,36.2695,-95.8547
TO,Overland Park,Overland Park,KS,66204,38.9822,-94.6708
TO,PANAMA CITY,PANAMA CITY,FL,32401,30.1588,-85.6602
TO,PANAMA CITY BEACH,PANAMA CITY BEACH,FL,32407,30.1766,-85.8054
TO,PATCHOGUE,PATCHOGUE,NY,11772,40.7656,-73.0151
TO,PORT CLINTON,PORT CLINTON,OH,43452,41.512,-82.9377
TO,Paducah,Paducah,KY,42001,37.0834,-88.6
TO,Palmetto,Palmetto,FL,34221,27.5214,-82.5723
TO,Pearland,Pearland,TX,77581,29.5636,-95.2861
TO,Pella,Pella,IA,50219,41.4078,-92.9163
TO,Pittsford,Pittsford,NY,14534,43.092,-77.515
TO,Port Orange,Port Orange,FL,32127,29.1383,-80.9956
TO,RAVENNA,RAVENNA,OH,44266,41.1576,-81.242
TO,ROAMING SHORES,ROAMING SHORES,OH,44085,41.6376,-80.8181
TO,Richmond Hill,Richmond Hill,GA,31324,31.938,-81.3034
TO,Riverview,Riverview,FL,33569,27.8661,-82.3265
TO,Rochester,Rochester,MN,55901,44.0121,-92.4802
TO,Round Rock,Round Rock,TX,78664,30.5083,-97.6789
TO,SAINT PETERSBURG,SAINT PETERSBURG,FL,33701,27.7676,-82.6403
TO,SAN LEANDRO,SAN LEANDRO,CA,94577,37.7249,-122.1561
TO,SOUTHINGTON,SOUTHINGTON,CT,06489,41.5987,-72.8776
TO,SPARTANBURG,SPARTANBURG,SC,29301,34.9496,-81.932
TO,SURPRISE,SURPRISE,AZ,85374,33.6292,-112.3679
TO,Santa Barbara,Santa Barbara,CA,93101,34.4208,-119.6982
TO,Seaford,Seaford,NY,11783,40.6662,-73.4882
TO,Shelton,Shelton,CT,06484,41.3165,-73.0931
TO,Spring Branch,Spring Branch,TX,78070,29.8627,-98.3864
TO,Springfield,Springfield,IL,62701,39.7817,-89.6501
TO,St. Louis,St. Louis,MO,63101,38.627,-90.1994
TO,Stroudsburg,Stroudsburg,PA,18360,40.9867,-75.1946
TO,Sunapee,Sunapee,NH,03782,43.387,-72.0845
TO,Swedesboro,Swedesboro,NJ,08085,39.7473,-75.3105
TO,Syracuse,Syracuse,NY,13202,43.0481,-76.1474
TO,TOMBALL,TOMBALL,TX,77375,30.0972,-95.6163
TO,TOPEKA,TOPEKA,KS,66603,39.0558,-95.689
TO,TUSCALOOSA,TUSCALOOSA,AL,35401,33.2098,-87.5692
TO,Terre Haute,Terre Haute,IN,47807,39.4667,-87.4139
TO,Tinley Park,Tinley Park,IL,60477,41.5731,-87.7845
TO,Toms River,Toms River,NJ,08753,39.9537,-74.1979
TO,Tulare,Tulare,CA,93274,36.2077,-119.3473
TO,Vienna,Vienna,VA,22180,38.9012,-77.2653
TO,Walnut Creek,Walnut Creek,CA,94596,37.9101,-122.0652
TO,Wayne,Wayne,NJ,07470,40.9254,-74.2765
TO,Waynesboro,Waynesboro,VA,22980,38.0685,-78.8895
TO,West Sacramento,West Sacramento,CA,95691,38.5805,-121.5302
TO,Westminster,Westminster,MD,21157,39.5754,-76.9958
TO,YUBA CITY,YUBA CITY,CA,95991,39.1405,-121.6169
TO,Zachary,Zachary,LA,70791,30.6588,-91.1565
TO,buford,buford,GA,30518,34.1207,-83.9932
TO,modesto,modesto,CA,95350,37.6391,-120.9969
TO,winter park,winter park,FL,32789,28.6,-81.3392
TO,Antioch,Antioch,IL,60002,42.4770,-88.0956
TO,Algonquin,Algonquin,IL,60102,42.1656,-88.2943
TO,Allen,Allen,TX,75002,33.1032,-96.6706
TO,Ames,Ames,IA,50010,42.0347,-93.6199
TO,Anaheim,Anaheim,CA,92801,33.8366,-117.9143
TO,Aptos,Aptos,CA,95003,36.9772,-121.8994
TO,Astoria,Astoria,NY,11102,40.7644,-73.9235
TO,Bloomington,Bloomington,IN,47401,39.1653,-86.5264
TO,Bremerton,Bremerton,WA,98310,47.5673,-122.6329
TO,Brunswick,Brunswick,OH,44212,41.2381,-81.8410
TO,Burke,Burke,VA,22015,38.7934,-77.2711
TO,Bedford,Bedford,IN,47421,38.8612,-86.4872
TO,Benton,Benton,LA,71006,32.6940,-93.7418
TO,Billings,Billings,MT,59101,45.7833,-108.5007
TO,Birdsboro,Birdsboro,PA,19508,40.2645,-75.8049
TO,Bothell,Bothell,WA,98012,47.7623,-122.2054
TO,Bowie,Bowie,MD,20715,38.9428,-76.7303
TO,Brentwood,Brentwood,TN,37027,36.0331,-86.7828
TO,Bronx,Bronx,NY,10453,40.8448,-73.8648
TO,Brookfield,Brookfield,WI,53005,43.0606,-88.1065
TO,Canton,Canton,OH,44702,40.7989,-81.3784
TO,Celina,Celina,TX,75009,33.3243,-96.7842
TO,Chapel Hill,Chapel Hill,NC,27514,35.9132,-79.0558
TO,Claremore,Claremore,OK,74017,36.3126,-95.6161
TO,Clovis,Clovis,CA,93612,36.8252,-119.7029
TO,Cocoa,Cocoa,FL,32922,28.3861,-80.7420
TO,Callahan,Callahan,FL,32011,30.5636,-81.8301
TO,Carmel,Carmel,IN,46032,39.9784,-86.1180
TO,Cedar Park,Cedar Park,TX,78613,30.5052,-97.8203
TO,Centennial,Centennial,CO,80112,39.5807,-104.8772
TO,Centerville,Centerville,MA,02632,41.6487,-70.3486
TO,Charleston,Charleston,SC,29401,32.7765,-79.9311
TO,Charlottesville,Charlottesville,VA,22903,38.0293,-78.4767
TO,Clarkesville,Clarkesville,GA,30523,34.6126,-83.5313
TO,Clayton,Clayton,NC,27520,35.6507,-78.4564
TO,Clifton,Clifton,NJ,07013,40.8584,-74.1638
TO,Collinsville,Collinsville,OK,74021,36.3645,-95.8380
TO,Columbia,Columbia,TN,38401,35.6151,-87.0353
TO,Concord,Concord,NC,28025,35.4088,-80.5795
TO,Cookeville,Cookeville,TN,38501,36.1628,-85.5016
TO,Corpus Christi,Corpus Christi,TX,78401,27.8006,-97.3964
TO,Corrales,Corrales,NM,87048,35.2370,-106.6067
TO,Corydon,Corydon,IN,47112,38.2120,-86.1219
TO,Cranston,Cranston,RI,02920,41.7798,-71.4373
TO,Dekalb,Dekalb,IL,60115,41.9295,-88.7504
TO,Delaware,Delaware,OH,43015,40.2987,-83.0670
TO,Delmar,Delmar,NY,12054,42.6220,-73.8326
TO,Des Moines,Des Moines,IA,50309,41.5868,-93.6250
TO,Dickson,Dickson,TN,37055,36.0770,-87.3878
TO,Downers Grove,Downers Grove,IL,60515,41.8089,-88.0112
TO,Dripping Springs,Dripping Springs,TX,78620,30.1902,-98.0867
TO,Eustis,Eustis,FL,32726,28.8528,-81.6854
TO,East Hampton,East Hampton,NY,11937,40.9634,-72.1848
TO,Fenton,Fenton,MO,63026,38.5131,-90.4354
TO,Fayetteville,Fayetteville,AR,72701,36.0626,-94.1574
TO,Flower Mound,Flower Mound,TX,75028,33.0146,-97.0969
TO,Franklin,Franklin,OH,45005,39.5589,-84.3041
TO,Friendswood,Friendswood,TX,77546,29.5294,-95.2010
TO,Gainesville,Gainesville,FL,32601,29.6516,-82.3248
TO,Glendale,Glendale,CA,91203,34.1425,-118.2551
TO,Greenville,Greenville,SC,29601,34.8526,-82.3940
TO,Greenville,Greenville,MI,48838,43.1775,-85.2528
TO,Gainesville,Gainesville,GA,30501,34.2979,-83.8241
TO,Gaithersburg,Gaithersburg,MD,20877,39.1434,-77.2014
TO,Garner,Garner,NC,27529,35.7113,-78.6142
TO,Gastonia,Gastonia,NC,28052,35.2621,-81.1873
TO,Granada Hills,Granada Hills,CA,91344,34.2797,-118.5020
TO,Granbury,Granbury,TX,76048,32.4421,-97.7942
TO,Griffin,Griffin,GA,30223,33.2468,-84.2641
TO,Harpers Ferry,Harpers Ferry,WV,25425,39.3254,-77.7389
TO,Haverhill,Haverhill,MA,01830,42.7762,-71.0773
TO,Hayward,Hayward,CA,94541,37.6688,-122.0808
TO,Herriman,Herriman,UT,84096,40.5141,-112.0329
TO,Hillsboro,Hillsboro,OR,97123,45.5229,-122.9898
TO,Hoboken,Hoboken,NJ,07030,40.7430,-74.0324
TO,Huntley,Huntley,IL,60142,42.1681,-88.4281
TO,Hagerstown,Hagerstown,MD,21740,39.6418,-77.7190
TO,Hamilton,Hamilton,OH,45011,39.3995,-84.5613
TO,Harrisburg,Harrisburg,PA,17101,40.2732,-76.8867
TO,Hendersonville,Hendersonville,NC,28792,35.3187,-82.4609
TO,Hendersonville,Hendersonville,TN,37075,36.3048,-86.6197
TO,Holland,Holland,MI,49423,42.7875,-86.1089
TO,Indian Trail,Indian Trail,NC,28079,35.0768,-80.6698
TO,Jersey City,Jersey City,NJ,07302,40.7178,-74.0431
TO,Johnstown,Johnstown,PA,15901,40.3267,-78.9210
TO,Kalamazoo,Kalamazoo,MI,49007,42.2917,-85.5872
TO,Keatchie,Keatchie,LA,71046,32.1771,-94.0541
TO,Kennewick,Kennewick,WA,99336,46.2112,-119.1372
TO,Kingsport,Kingsport,TN,37660,36.5484,-82.5618
TO,Lake Elsinore,Lake Elsinore,CA,92530,33.6681,-117.3273
TO,Lebanon,Lebanon,OH,45036,39.4353,-84.2024
TO,Little Rock,Little Rock,AR,72201,34.7465,-92.2896
TO,Livonia,Livonia,MI,48150,42.3684,-83.3527
TO,Los Alamos,Los Alamos,NM,87544,35.8814,-106.3031
TO,Loveland,Loveland,CO,80537,40.3978,-105.0750
TO,La Mesa,La Mesa,CA,91941,32.7678,-117.0231
TO,La Quinta,La Quinta,CA,92253,33.6634,-116.3100
TO,Lake Oswego,Lake Oswego,OR,97034,45.4207,-122.6706
TO,Lake Saint Louis,Lake Saint Louis,MO,63367,38.7975,-90.7857
TO,Lake in the Hills,Lake in the Hills,IL,60156,42.1817,-88.3306
TO,Lakeway,Lakeway,TX,78734,30.3658,-97.9525
TO,Lancaster,Lancaster,NY,14086,42.9006,-78.6703
TO,Leander,Leander,TX,78641,30.5788,-97.8531
TO,Lees Summit,Lees Summit,MO,64063,38.9108,-94.3822
TO,Lenoir,Lenoir,NC,28645,35.9146,-81.5384
TO,Lewis Center,Lewis Center,OH,43035,40.2010,-83.0105
TO,Lexington,Lexington,IN,47138,38.6470,-85.7458
TO,Lodi,Lodi,CA,95240,38.1341,-121.2722
TO,Lynden,Lynden,WA,98264,48.9465,-122.4521
TO,Methuen,Methuen,MA,01844,42.7262,-71.1909
TO,Milford,Milford,CT,06460,41.2223,-73.0565
TO,Mineola,Mineola,TX,75773,32.6632,-95.4886
TO,Missoula,Missoula,MT,59801,46.8721,-113.9940
TO,Mansfield,Mansfield,OH,44902,40.7584,-82.5154
TO,McDonough,McDonough,GA,30253,33.4473,-84.1469
TO,Merritt Island,Merritt Island,FL,32953,28.5390,-80.6720
TO,Midlothian,Midlothian,VA,23112,37.5060,-77.6492
TO,Millington,Millington,TN,38053,35.3415,-89.8973
TO,Milton,Milton,FL,32570,30.6324,-87.0397
TO,Moab,Moab,UT,84532,38.5733,-109.5498
TO,Monroe,Monroe,NC,28112,34.9854,-80.5495
TO,Mooresville,Mooresville,IN,46158,39.6128,-86.3747
TO,Morganton,Morganton,NC,28655,35.7454,-81.6848
TO,Murfreesboro,Murfreesboro,TN,37129,35.8456,-86.3903
TO,Newburgh,Newburgh,NY,12550,41.5034,-74.0104
TO,Navarre,Navarre,FL,32566,30.4016,-86.8636
TO,New Market,New Market,AL,35761,34.9106,-86.4275
TO,Newnan,Newnan,GA,30263,33.3807,-84.7997
TO,Norman,Norman,OK,73069,35.2226,-97.4395
TO,Novi,Novi,MI,48375,42.4806,-83.4755
TO,Ormond Beach,Ormond Beach,FL,32174,29.2858,-81.0559
TO,Owensboro,Owensboro,KY,42301,37.7719,-87.1112
TO,Oconto,Oconto,WI,54153,44.8872,-87.8643
TO,Old Bridge,Old Bridge,NJ,08857,40.4148,-74.3654
TO,Olympia,Olympia,WA,98501,47.0379,-122.9007
TO,Oregon City,Oregon City,OR,97045,45.3573,-122.6068
TO,Oxford,Oxford,MI,48371,42.8248,-83.2644
TO,Peachtree City,Peachtree City,GA,30269,33.3968,-84.5958
TO,Pleasanton,Pleasanton,CA,94566,37.6624,-121.8747
TO,Poughkeepsie,Poughkeepsie,NY,12601,41.7004,-73.9210
TO,Pagosa Springs,Pagosa Springs,CO,81147,37.2694,-107.0098
TO,Pasadena,Pasadena,CA,91101,34.1478,-118.1445
TO,Pasadena,Pasadena,TX,77502,29.6911,-95.2091
TO,Pasco,Pasco,WA,99301,46.2396,-119.1006
TO,Pawtucket,Pawtucket,RI,02860,41.8787,-71.3826
TO,Pembroke,Pembroke,MA,02359,42.0670,-70.8042
TO,Perrysburg,Perrysburg,OH,43551,41.5564,-83.6271
TO,Plant City,Plant City,FL,33563,28.0186,-82.1129
TO,Port Orchard,Port Orchard,WA,98366,47.5404,-122.6362
TO,Prescott Valley,Prescott Valley,AZ,86314,34.6100,-112.3157
TO,Princeton,Princeton,NJ,08540,40.3573,-74.6672
TO,Quincy,Quincy,MA,02169,42.2529,-71.0023
TO,Redwood City,Redwood City,CA,94061,37.4852,-122.2364
TO,Rohnert Park,Rohnert Park,CA,94928,38.3396,-122.7011
TO,Rigby,Rigby,ID,83442,43.6724,-111.9147
TO,Ripon,Ripon,WI,54971,43.8436,-88.8423
TO,Rogers,Rogers,AR,72756,36.3320,-94.1185
TO,Rowlett,Rowlett,TX,75088,32.9029,-96.5639
TO,Rydal,Rydal,PA,19046,40.1029,-75.1838
TO,Shepherdsville,Shepherdsville,KY,40165,37.9884,-85.7158
TO,Shreveport,Shreveport,LA,71101,32.5252,-93.7502
TO,Stamford,Stamford,CT,06901,41.0534,-73.5387
TO,Salt Lake City,Salt Lake City,UT,84101,40.7608,-111.8910
TO,Sanford,Sanford,NC,27330,35.4799,-79.1803
TO,Santa Ana,Santa Ana,CA,92701,33.7455,-117.8677
TO,Santa Cruz,Santa Cruz,CA,95060,36.9741,-122.0308
TO,Santa Fe,Santa Fe,NM,87501,35.6870,-105.9378
TO,Sarver,Sarver,PA,16055,40.7245,-79.7445
TO,Schenectady,Schenectady,NY,12305,42.8142,-73.9396
TO,Sierra Vista,Sierra Vista,AZ,85635,31.5455,-110.2773
TO,Silver Spring,Silver Spring,MD,20910,38.9907,-77.0261
TO,South Jordan,South Jordan,UT,84095,40.5622,-111.9297
TO,Springfield,Springfield,MO,65802,37.2089,-93.2923
TO,Summerville,Summerville,SC,29483,33.0185,-80.1756
TO,Sumter,Sumter,SC,29150,33.9204,-80.3415
TO,Sun City,Sun City,AZ,85351,33.6292,-112.3679
TO,Syosset,Syosset,NY,11791,40.8262,-73.5021
TO,Taunton,Taunton,MA,02780,41.9001,-71.0898
TO,Texarkana,Texarkana,TX,75501,33.4251,-94.0477
TO,Toledo,Toledo,OH,43604,41.6528,-83.5379
TO,Urbana,Urbana,OH,43078,40.1084,-83.7524
TO,Valparaiso,Valparaiso,IN,46383,41.4731,-87.0611
TO,Waco,Waco,TX,76701,31.5493,-97.1467
TO,West Lafayette,West Lafayette,IN,47906,40.4259,-86.9081
TO,Winter Garden,Winter Garden,FL,34787,28.5653,-81.5862
TO,Winter Haven,Winter Haven,FL,33880,28.0222,-81.7329
TO,Wylie,Wylie,TX,75098,33.0151,-96.5389
TO,Waldorf,Waldorf,MD,20601,38.6246,-76.9391
TO,Wesley Chapel,Wesley Chapel,FL,33543,28.2397,-82.3276
TO,West Palm Beach,West Palm Beach,FL,33401,26.7153,-80.0534
TO,Williamsburg,Williamsburg,VA,23185,37.2707,-76.7075
TO,Woodbridge,Woodbridge,VA,22191,38.6582,-77.2497
TO,Woodside,Woodside,CA,94062,37.4299,-122.2539
TO,Yorba Linda,Yorba Linda,CA,92886,33.8886,-117.8131
TO,Queens Village,Queens Village,NY,11427,40.7268,-73.7415
TO,"Alvin","Alvin",TX,77511,29.42,-95.24
TO,"Ann Arbor","Ann Arbor",MI,48104,42.28,-83.73
TO,"Anna","Anna",TX,75409,33.35,-96.55
TO,"Apopka","Apopka",FL,32703,28.69,-81.51
TO,"Argyle","Argyle",TX,76226,33.12,-97.18
TO,"Ashdown","Ashdown",AR,71822,33.67,-94.13
TO,"Auburn","Auburn",CA,95603,38.90,-121.08
TO,"Adel","Adel",IA,50003,41.61,-94.02
TO,"Aiken","Aiken",SC,29801,33.56,-81.72
TO,"Alameda","Alameda",CA,94501,37.77,-122.28
TO,"Aliso Viejo","Aliso Viejo",CA,92656,33.57,-117.73
TO,"Ambler","Ambler",PA,19002,40.15,-75.22
TO,"Anacortes","Anacortes",WA,98221,48.51,-122.61
TO,"Ankeny","Ankeny",IA,50023,41.73,-93.60
TO,"Annandale","Annandale",VA,22003,38.83,-77.20
TO,"Apache Junction","Apache Junction",AZ,85120,33.42,-111.55
TO,"Appleton","Appleton",WI,54911,44.26,-88.41
TO,"Arlington","Arlington",WA,98223,48.20,-122.13
TO,"Arlington","Arlington",VA,22201,38.89,-77.09
TO,"Ashland","Ashland",VA,23005,37.76,-77.48
TO,"Ashton","Ashton",ID,83420,44.07,-111.45
TO,"Atascadero","Atascadero",CA,93422,35.49,-120.67
TO,"Athens","Athens",GA,30601,33.95,-83.38
TO,"Athens","Athens",TX,75751,32.20,-95.86
TO,"Atwater","Atwater",CA,95301,37.35,-120.61
TO,"Ballston Lake","Ballston Lake",NY,12019,42.91,-73.87
TO,"Barnegat","Barnegat",NJ,08005,39.75,-74.22
TO,"Beaver Falls","Beaver Falls",PA,15010,40.75,-80.32
TO,"Beavercreek","Beavercreek",OR,97004,45.25,-122.46
TO,"Bethalto","Bethalto",IL,62010,38.91,-90.04
TO,"Big Lake","Big Lake",MN,55309,45.33,-93.74
TO,"Blairsville","Blairsville",GA,30512,34.88,-83.96
TO,"Boynton Beach","Boynton Beach",FL,33435,26.53,-80.08
TO,"Brownsville","Brownsville",TX,78520,25.90,-97.50
TO,"Bruceton Mills","Bruceton Mills",WV,26525,39.65,-79.65
TO,"Byron","Byron",GA,31008,32.65,-83.76
TO,"Banner Elk","Banner Elk",NC,28604,36.16,-81.87
TO,"Barrington","Barrington",IL,60010,42.15,-88.14
TO,"Bayonne","Bayonne",NJ,07002,40.67,-74.11
TO,"Beach Lake","Beach Lake",PA,18405,41.61,-75.06
TO,"Beaumont","Beaumont",CA,92223,33.93,-116.98
TO,"Beaverton","Beaverton",OR,97005,45.49,-122.80
TO,"Belleview","Belleview",FL,34420,29.06,-82.06
TO,"Bellevue","Bellevue",NE,68005,41.15,-95.91
TO,"Belton","Belton",TX,76513,31.06,-97.46
TO,"Belton","Belton",MO,64012,38.81,-94.53
TO,"Benton","Benton",AR,72015,34.56,-92.59
TO,"Berlin","Berlin",MD,21811,38.32,-75.22
TO,"Bethesda","Bethesda",MD,20814,38.98,-77.10
TO,"Bettendorf","Bettendorf",IA,52722,41.56,-90.49
TO,"Bloomfield","Bloomfield",CT,06002,41.83,-72.73
TO,"Bogota","Bogota",NJ,07603,40.88,-74.03
TO,"Bowling Green","Bowling Green",KY,42101,36.97,-86.45
TO,"Bridgeton","Bridgeton",NJ,08302,39.43,-75.23
TO,"Broken Arrow","Broken Arrow",OK,74012,36.06,-95.80
TO,"Broomfield","Broomfield",CO,80020,39.92,-105.09
TO,"Buckeye","Buckeye",AZ,85326,33.37,-112.58
TO,"Bulverde","Bulverde",TX,78163,29.74,-98.45
TO,"Burlington","Burlington",NC,27215,36.10,-79.44
TO,"Campbell","Campbell",CA,95008,37.29,-121.95
TO,"Carlsbad","Carlsbad",CA,92008,33.16,-117.35
TO,"Carson City","Carson City",NV,89701,39.16,-119.77
TO,"Chagrin Falls","Chagrin Falls",OH,44022,41.43,-81.39
TO,"Champaign","Champaign",IL,61820,40.12,-88.24
TO,"Chesterton","Chesterton",IN,46304,41.61,-87.06
TO,"Clarkston","Clarkston",MI,48346,42.74,-83.42
TO,"Cordele","Cordele",GA,31015,31.96,-83.78
TO,"Canby","Canby",OR,97013,45.26,-122.69
TO,"Canfield","Canfield",OH,44406,41.03,-80.76
TO,"Canonsburg","Canonsburg",PA,15317,40.26,-80.19
TO,"Canton","Canton",MI,48187,42.31,-83.49
TO,"Canyon Country","Canyon Country",CA,91387,34.42,-118.44
TO,"Catonsville","Catonsville",MD,21228,39.27,-76.74
TO,"Centerville","Centerville",OH,45459,39.63,-84.16
TO,"Central Islip","Central Islip",NY,11722,40.79,-73.20
TO,"Chandler","Chandler",OK,74834,35.70,-96.88
TO,"Chattanooga","Chattanooga",TN,37402,35.05,-85.31
TO,"Cherry Hill","Cherry Hill",NJ,08002,39.93,-75.03
TO,"Chico","Chico",CA,95928,39.73,-121.84
TO,"Chino Hills","Chino Hills",CA,91709,33.99,-117.73
TO,"Christiansburg","Christiansburg",VA,24073,37.13,-80.41
TO,"Clarksburg","Clarksburg",MD,20871,39.24,-77.28
TO,"Clarksville","Clarksville",TN,37040,36.53,-87.36
TO,"Colonial Beach","Colonial Beach",VA,22443,38.25,-76.96
TO,"Columbia","Columbia",SC,29201,34.00,-81.03
TO,"Columbia City","Columbia City",IN,46725,41.16,-85.49
TO,"Columbia Falls","Columbia Falls",MT,59912,48.37,-114.18
TO,"Conway","Conway",SC,29526,33.84,-79.05
TO,"Conyers","Conyers",GA,30012,33.67,-84.02
TO,"Coral Springs","Coral Springs",FL,33065,26.27,-80.27
TO,"Corvallis","Corvallis",OR,97333,44.56,-123.26
TO,"Coventry","Coventry",RI,02816,41.70,-71.68
TO,"Covina","Covina",CA,91723,34.09,-117.89
TO,"Covington","Covington",LA,70433,30.48,-90.10
TO,"Crescent City","Crescent City",CA,95531,41.76,-124.20
TO,"Dunedin","Dunedin",FL,34698,28.01,-82.78
TO,"Dacula","Dacula",GA,30019,33.99,-83.89
TO,"Dartmouth","Dartmouth",MA,02747,41.64,-70.98
TO,"Dearborn Heights","Dearborn Heights",MI,48127,42.33,-83.28
TO,"Decatur","Decatur",TX,76234,33.23,-97.59
TO,"Dickinson","Dickinson",TX,77539,29.46,-95.05
TO,"Doral","Doral",FL,33166,25.82,-80.36
TO,"Dothan","Dothan",AL,36301,31.22,-85.39
TO,"El Cajon","El Cajon",CA,92020,32.79,-116.96
TO,"Elgin","Elgin",IL,60120,42.04,-88.28
TO,"Elk River","Elk River",MN,55330,45.30,-93.57
TO,"Erie","Erie",PA,16501,42.13,-80.09
TO,"Everett","Everett",WA,98201,47.98,-122.20
TO,"Evergreen","Evergreen",CO,80439,39.63,-105.32
TO,"Excelsior","Excelsior",MN,55331,44.90,-93.57
TO,"East Concord","East Concord",NY,14055,42.55,-78.63
TO,"East Greenwich","East Greenwich",RI,02818,41.66,-71.45
TO,"East Islip","East Islip",NY,11730,40.73,-73.19
TO,"Eau Claire","Eau Claire",WI,54701,44.81,-91.50
TO,"Edison","Edison",NJ,08817,40.52,-74.41
TO,"Elizabeth","Elizabeth",CO,80107,39.36,-104.60
TO,"Elk Grove","Elk Grove",CA,95758,38.41,-121.37
TO,"Ellijay","Ellijay",GA,30540,34.69,-84.48
TO,"Erie","Erie",CO,80516,40.05,-105.05
TO,"Fallbrook","Fallbrook",CA,92028,33.38,-117.25
TO,"Forked River","Forked River",NJ,08731,39.84,-74.19
TO,"Fort White","Fort White",FL,32038,29.92,-82.71
TO,"Fairfax","Fairfax",VA,22030,38.85,-77.31
TO,"Fairfield","Fairfield",CA,94533,38.25,-122.04
TO,"Fairfield","Fairfield",CT,06824,41.14,-73.26
TO,"Fairhope","Fairhope",AL,36532,30.52,-87.90
TO,"Fallon","Fallon",NV,89406,39.47,-118.78
TO,"Farmington Hills","Farmington Hills",MI,48334,42.50,-83.37
TO,"Fayetteville","Fayetteville",TN,37334,35.15,-86.57
TO,"Findlay","Findlay",OH,45840,41.04,-83.65
TO,"Fisherville","Fisherville",KY,40023,38.16,-85.43
TO,"Fitchburg","Fitchburg",MA,01420,42.58,-71.80
TO,"Flagstaff","Flagstaff",AZ,86001,35.20,-111.65
TO,"Florissant","Florissant",MO,63031,38.79,-90.32
TO,"Folsom","Folsom",CA,95630,38.68,-121.18
TO,"Fond Du Lac","Fond Du Lac",WI,54935,43.78,-88.45
TO,"Fontana","Fontana",CA,92335,34.10,-117.43
TO,"Forest Hills","Forest Hills",NY,11375,40.72,-73.85
TO,"Freehold","Freehold",NJ,07728,40.26,-74.27
TO,"Georgetown","Georgetown",TX,78626,30.63,-97.68
TO,"Gig Harbor","Gig Harbor",WA,98335,47.33,-122.58
TO,"Gillette","Gillette",WY,82716,44.29,-105.50
TO,"Gilroy","Gilroy",CA,95020,37.00,-121.57
TO,"Goshen","Goshen",IN,46526,41.58,-85.83
TO,"Grand Forks","Grand Forks",ND,58201,47.93,-97.03
TO,"Gallatin","Gallatin",TN,37066,36.39,-86.45
TO,"Geneseo","Geneseo",IL,61254,41.45,-90.15
TO,"Gorham","Gorham",ME,04038,43.68,-70.44
TO,"Greeneville","Greeneville",TN,37743,36.17,-82.83
TO,"Greenfield","Greenfield",WI,53220,42.96,-88.01
TO,"Greenville","Greenville",NC,27858,35.61,-77.37
TO,"Grovetown","Grovetown",GA,30813,33.45,-82.20
TO,"Hampstead","Hampstead",MD,21074,39.60,-76.85
TO,"Hampton","Hampton",VA,23666,37.04,-76.41
TO,"Haslet","Haslet",TX,76052,32.97,-97.35
TO,"Hamilton","Hamilton",NJ,08619,40.23,-74.70
TO,"Happy Valley","Happy Valley",OR,97086,45.44,-122.54
TO,"Hattiesburg","Hattiesburg",MS,39401,31.33,-89.29
TO,"Havertown","Havertown",PA,19083,39.98,-75.31
TO,"Healdsburg","Healdsburg",CA,95448,38.61,-122.87
TO,"Herndon","Herndon",VA,20170,38.97,-77.39
TO,"Hewitt","Hewitt",NJ,07421,41.18,-74.37
TO,"Hickory","Hickory",NC,28601,35.73,-81.34
TO,"Hilliard","Hilliard",OH,43026,40.03,-83.16
TO,"Howell","Howell",MI,48843,42.61,-83.93
TO,"Huffman","Huffman",TX,77336,30.05,-95.09
TO,"Iron Station","Iron Station",NC,28080,35.44,-81.12
TO,"Irwin","Irwin",PA,15642,40.32,-79.70
TO,"Jackson","Jackson",MI,49201,42.25,-84.40
TO,"Jefferson City","Jefferson City",MO,65109,38.58,-92.17
TO,"Jamestown","Jamestown",RI,02835,41.50,-71.37
TO,"Jesup","Jesup",GA,31545,31.60,-81.89
TO,"Juneau","Juneau",AK,99801,58.30,-134.42
TO,"Kalispell","Kalispell",MT,59901,48.20,-114.31
TO,"Kingman","Kingman",AZ,86401,35.19,-114.05
TO,"Kingston","Kingston",TN,37763,35.87,-84.51
TO,"Kissimmee","Kissimmee",FL,34741,28.29,-81.41
TO,"Kanab","Kanab",UT,84741,37.05,-112.53
TO,"Kenosha","Kenosha",WI,53140,42.58,-87.82
TO,"La Pine","La Pine",OR,97739,43.67,-121.50
TO,"Lafayette","Lafayette",LA,70501,30.22,-92.02
TO,"Lake Stevens","Lake Stevens",WA,98258,48.02,-122.07
TO,"Lakeville","Lakeville",MN,55044,44.65,-93.24
TO,"Leslie","Leslie",MI,49251,42.45,-84.43
TO,"Liberty Hill","Liberty Hill",TX,78642,30.67,-97.92
TO,"Lone Tree","Lone Tree",CO,80124,39.54,-104.90
TO,"Long Island","Long Island",ME,04050,43.70,-70.15
TO,"Longview","Longview",TX,75601,32.50,-94.74
TO,"La Verne","La Verne",CA,91750,34.10,-117.77
TO,"Lake Elmo","Lake Elmo",MN,55042,44.99,-92.88
TO,"Lake Harmony","Lake Harmony",PA,18624,41.06,-75.60
TO,"Lake Jackson","Lake Jackson",TX,77566,29.03,-95.45
TO,"Lake Worth","Lake Worth",FL,33460,26.62,-80.06
TO,"Lakewood","Lakewood",CA,90712,33.85,-118.13
TO,"Lakewood","Lakewood",OH,44107,41.48,-81.80
TO,"Lander","Lander",WY,82520,42.83,-108.73
TO,"Lebanon","Lebanon",PA,17042,40.34,-76.42
TO,"Lehi","Lehi",UT,84043,40.39,-111.85
TO,"Lewes","Lewes",DE,19958,38.77,-75.14
TO,"Longwood","Longwood",FL,32750,28.70,-81.34
TO,"Loveland","Loveland",OH,45140,39.27,-84.26
TO,"Lufkin","Lufkin",TX,75901,31.34,-94.73
TO,"Macon","Macon",GA,31201,32.84,-83.63
TO,"Marshville","Marshville",NC,28103,34.99,-80.37
TO,"Maspeth","Maspeth",NY,11378,40.72,-73.91
TO,"McGregor","McGregor",MN,55760,46.61,-93.29
TO,"Melbourne","Melbourne",FL,32901,28.08,-80.61
TO,"Metairie","Metairie",LA,70005,29.98,-90.13
TO,"Milford","Milford",OH,45150,39.18,-84.29
TO,"Missouri Valley","Missouri Valley",IA,51555,41.56,-95.89
TO,"Monterey","Monterey",CA,93940,36.60,-121.89
TO,"Madison","Madison",AL,35758,34.70,-86.75
TO,"Madisonville","Madisonville",TN,37354,35.52,-84.36
TO,"Makawao","Makawao",HI,96768,20.86,-156.31
TO,"Manchester","Manchester",NH,03101,42.99,-71.46
TO,"Marion","Marion",OH,43302,40.59,-83.13
TO,"Marlborough","Marlborough",MA,01752,42.35,-71.55
TO,"Massapequa","Massapequa",NY,11758,40.68,-73.47
TO,"Matawan","Matawan",NJ,07747,40.41,-74.23
TO,"Matthews","Matthews",NC,28105,35.12,-80.72
TO,"Mechanicsburg","Mechanicsburg",PA,17055,40.21,-77.01
TO,"Medford","Medford",OR,97501,42.33,-122.87
TO,"Melville","Melville",NY,11747,40.79,-73.41
TO,"Menasha","Menasha",WI,54952,44.20,-88.45
TO,"Middlebury","Middlebury",IN,46540,41.68,-85.71
TO,"Middletown","Middletown",NY,10940,41.45,-74.42
TO,"Midland","Midland",MI,48640,43.62,-84.23
TO,"Milford","Milford",MI,48381,42.59,-83.60
TO,"Milford","Milford",DE,19963,38.91,-75.43
TO,"Minnetonka","Minnetonka",MN,55305,44.92,-93.43
TO,"Minot","Minot",ND,58701,48.23,-101.29
TO,"Mint Hill","Mint Hill",NC,28227,35.18,-80.65
TO,"Mokena","Mokena",IL,60448,41.53,-87.89
TO,"Monroe","Monroe",GA,30655,33.79,-83.71
TO,"Moreno Valley","Moreno Valley",CA,92553,33.94,-117.23
TO,"Mount Juliet","Mount Juliet",TN,37122,36.20,-86.52
TO,"Mount Laurel","Mount Laurel",NJ,08054,39.93,-74.89
TO,"Mount Prospect","Mount Prospect",IL,60056,42.06,-87.94
TO,"Murphy","Murphy",NC,28906,35.09,-84.03
TO,"Murrieta","Murrieta",CA,92562,33.55,-117.21
TO,"Natick","Natick",MA,01760,42.28,-71.35
TO,"New Fairfield","New Fairfield",CT,06812,41.47,-73.48
TO,"Norristown","Norristown",PA,19401,40.12,-75.34
TO,"Nutley","Nutley",NJ,07110,40.82,-74.16
TO,"New Brighton","New Brighton",MN,55112,45.07,-93.19
TO,"New Hartford","New Hartford",NY,13413,43.07,-75.29
TO,"New Kensington","New Kensington",PA,15068,40.56,-79.76
TO,"Newark","Newark",NJ,07102,40.73,-74.17
TO,"Newport News","Newport News",VA,23607,37.01,-76.41
TO,"Niceville","Niceville",FL,32578,30.52,-86.48
TO,"Norco","Norco",CA,92860,33.93,-117.56
TO,"North Aurora","North Aurora",IL,60542,41.80,-88.32
TO,"North Mankato","North Mankato",MN,56003,44.18,-94.03
TO,"North Port","North Port",FL,34287,27.04,-82.24
TO,"Northampton","Northampton",PA,18067,40.69,-75.49
TO,"Nottingham","Nottingham",MD,21236,39.39,-76.49
TO,"O Fallon","O Fallon",MO,63366,38.81,-90.70
TO,"Orchard Park","Orchard Park",NY,14127,42.77,-78.75
TO,"Oakhurst","Oakhurst",TX,77359,30.73,-95.31
TO,"Oakley","Oakley",CA,94561,37.99,-121.71
TO,"Oceanside","Oceanside",CA,92054,33.20,-117.38
TO,"Ogden","Ogden",UT,84401,41.22,-111.97
TO,"Oswego","Oswego",IL,60543,41.68,-88.35
TO,"Palmerton","Palmerton",PA,18071,40.80,-75.61
TO,"Pasadena","Pasadena",MD,21122,39.11,-76.55
TO,"Peconic","Peconic",NY,11958,41.05,-72.47
TO,"Piedmont","Piedmont",OK,73078,35.64,-97.75
TO,"Pigeon Forge","Pigeon Forge",TN,37863,35.79,-83.56
TO,"Pittsboro","Pittsboro",NC,27312,35.72,-79.18
TO,"Plainwell","Plainwell",MI,49080,42.44,-85.64
TO,"Pleasantville","Pleasantville",NY,10570,41.13,-73.79
TO,"Prairie Village","Prairie Village",KS,66208,38.99,-94.63
TO,"Priest River","Priest River",ID,83856,48.18,-116.91
TO,"Paramus","Paramus",NJ,07652,40.94,-74.07
TO,"Parkville","Parkville",MD,21234,39.38,-76.53
TO,"Pataskala","Pataskala",OH,43062,39.99,-82.68
TO,"Pembroke Pines","Pembroke Pines",FL,33024,26.01,-80.24
TO,"Peoria","Peoria",IL,61602,40.69,-89.59
TO,"Perry Hall","Perry Hall",MD,21128,39.41,-76.45
TO,"Perryville","Perryville",MO,63775,37.72,-89.86
TO,"Plain City","Plain City",OH,43064,40.11,-83.27
TO,"Pleasant Hill","Pleasant Hill",IA,50327,41.58,-93.52
TO,"Plover","Plover",WI,54467,44.45,-89.54
TO,"Plymouth","Plymouth",MI,48170,42.37,-83.47
TO,"Pooler","Pooler",GA,31322,32.11,-81.25
TO,"Port Saint Lucie","Port Saint Lucie",FL,34952,27.27,-80.36
TO,"Potomac","Potomac",MD,20854,39.02,-77.21
TO,"Pottstown","Pottstown",PA,19464,40.25,-75.64
TO,"Prattville","Prattville",AL,36067,32.46,-86.46
TO,"Providence","Providence",RI,02903,41.82,-71.41
TO,"Racine","Racine",WI,53403,42.73,-87.78
TO,"Raeford","Raeford",NC,28376,34.98,-79.23
TO,"Rancho Santa Fe","Rancho Santa Fe",CA,92067,33.02,-117.20
TO,"Richmond","Richmond",UT,84333,41.92,-111.81
TO,"Rio Rancho","Rio Rancho",NM,87124,35.23,-106.66
TO,"Rochester","Rochester",MA,02770,41.73,-70.82
TO,"Rocky River","Rocky River",OH,44116,41.48,-81.84
TO,"Romulus","Romulus",MI,48174,42.22,-83.40
TO,"Rathdrum","Rathdrum",ID,83858,47.81,-116.90
TO,"Reading","Reading",MA,01867,42.52,-71.11
TO,"Redondo Beach","Redondo Beach",CA,90277,33.85,-118.39
TO,"Ridge","Ridge",NY,11961,40.90,-72.89
TO,"Robertsdale","Robertsdale",AL,36567,30.56,-87.71
TO,"Rockford","Rockford",MI,49341,43.12,-85.56
TO,"Rockland","Rockland",ME,04841,44.10,-69.11
TO,"Rotterdam","Rotterdam",NY,12306,42.79,-73.97
TO,"Round Hill","Round Hill",VA,20141,39.13,-77.78
TO,"Rye","Rye",NY,10580,40.98,-73.68
TO,"Saint Augustine","Saint Augustine",FL,32084,29.90,-81.31
TO,"Saint George","Saint George",UT,84770,37.10,-113.58
TO,"Sandy Springs","Sandy Springs",GA,30328,33.93,-84.38
TO,"Seguin","Seguin",TX,78155,29.57,-97.96
TO,"Springdale","Springdale",AR,72764,36.19,-94.13
TO,"Stafford","Stafford",VA,22554,38.42,-77.41
TO,"Stillwater","Stillwater",MN,55082,45.06,-92.81
TO,"Saginaw","Saginaw",MI,48602,43.42,-83.95
TO,"Salisbury","Salisbury",MD,21801,38.37,-75.60
TO,"San Ramon","San Ramon",CA,94583,37.78,-121.98
TO,"Sandusky","Sandusky",OH,44870,41.45,-82.71
TO,"Sandy","Sandy",UT,84070,40.57,-111.86
TO,"Santa Maria","Santa Maria",CA,93454,34.95,-120.44
TO,"Saratoga","Saratoga",CA,95070,37.26,-122.03
TO,"Saratoga Springs","Saratoga Springs",NY,12866,43.08,-73.78
TO,"Scarborough","Scarborough",ME,04074,43.59,-70.34
TO,"Scotch Plains","Scotch Plains",NJ,07076,40.66,-74.39
TO,"Seaford","Seaford",DE,19973,38.64,-75.61
TO,"Severna Park","Severna Park",MD,21146,39.07,-76.54
TO,"Sewell","Sewell",NJ,08080,39.76,-75.14
TO,"Seymour","Seymour",IN,47274,38.96,-85.89
TO,"Shakopee","Shakopee",MN,55379,44.80,-93.53
TO,"Sherman","Sherman",TX,75090,33.64,-96.61
TO,"Sherwood","Sherwood",OR,97140,45.36,-122.84
TO,"Shingle Springs","Shingle Springs",CA,95682,38.66,-120.94
TO,"Simi Valley","Simi Valley",CA,93065,34.27,-118.78
TO,"Simpsonville","Simpsonville",SC,29681,34.74,-82.26
TO,"Sioux Falls","Sioux Falls",SD,57104,43.55,-96.73
TO,"Slidell","Slidell",LA,70460,30.28,-89.78
TO,"Smithfield","Smithfield",VA,23430,36.98,-76.62
TO,"Sonora","Sonora",CA,95370,37.98,-120.38
TO,"South Elgin","South Elgin",IL,60177,41.99,-88.29
TO,"Spokane Valley","Spokane Valley",WA,99206,47.67,-117.23
TO,"Spooner","Spooner",WI,54801,45.82,-91.89
TO,"Spotsylvania","Spotsylvania",VA,22553,38.20,-77.59
TO,"Spring Creek","Spring Creek",NV,89815,40.72,-115.59
TO,"Spring Hill","Spring Hill",TN,37174,35.75,-86.93
TO,"Springtown","Springtown",TX,76082,32.96,-97.68
TO,"Star","Star",ID,83669,43.69,-116.49
TO,"Strongsville","Strongsville",OH,44136,41.31,-81.83
TO,"Suffield","Suffield",CT,06078,41.98,-72.65
TO,"Suffolk","Suffolk",VA,23434,36.73,-76.58
TO,"Sugar Land","Sugar Land",TX,77478,29.62,-95.63
TO,"Suisun City","Suisun City",CA,94585,38.24,-122.04
TO,"Sumas","Sumas",WA,98295,48.99,-122.26
TO,"Sunnyvale","Sunnyvale",CA,94086,37.37,-122.04
TO,"Superior","Superior",WI,54880,46.72,-92.10
TO,"Thompsons Station","Thompsons Station",TN,37179,35.80,-86.91
TO,"Troy","Troy",OH,45373,40.04,-84.20
TO,"Trussville","Trussville",AL,35173,33.62,-86.61
TO,"Taylorsville","Taylorsville",NC,28681,35.92,-81.18
TO,"Temecula","Temecula",CA,92590,33.49,-117.15
TO,"The Woodlands","The Woodlands",TX,77380,30.16,-95.46
TO,"Thibodaux","Thibodaux",LA,70301,29.79,-90.82
TO,"Tremont","Tremont",IL,61568,40.53,-89.49
TO,"Trenton","Trenton",MI,48183,42.14,-83.18
TO,"Turlock","Turlock",CA,95380,37.49,-120.85
TO,"Tyler","Tyler",TX,75701,32.35,-95.30
TO,"Union","Union",NJ,07083,40.70,-74.27
TO,"Union City","Union City",CA,94587,37.59,-122.02
TO,"Venice","Venice",FL,34285,27.10,-82.45
TO,"Verona","Verona",WI,53593,42.99,-89.53
TO,"Voorheesville","Voorheesville",NY,12186,42.65,-73.93
TO,"Wheeling","Wheeling",WV,26003,40.07,-80.72
TO,"Wadsworth","Wadsworth",OH,44281,41.03,-81.73
TO,"Washougal","Washougal",WA,98671,45.58,-122.35
TO,"Wasilla","Wasilla",AK,99654,61.58,-149.44
TO,"Wausau","Wausau",WI,54403,44.96,-89.63
TO,"Wauwatosa","Wauwatosa",WI,53213,43.05,-88.01
TO,"Wayland","Wayland",MI,49348,42.67,-85.64
TO,"Wayne","Wayne",PA,19087,40.04,-75.39
TO,"Wellesley","Wellesley",MA,02482,42.30,-71.29
TO,"Wenatchee","Wenatchee",WA,98801,47.42,-120.31
TO,"Wentzville","Wentzville",MO,63385,38.81,-90.85
TO,"West Chester","West Chester",OH,45069,39.34,-84.41
TO,"West Linn","West Linn",OR,97068,45.37,-122.61
TO,"West Milford","West Milford",NJ,07480,41.13,-74.37
TO,"West Newbury","West Newbury",MA,01985,42.80,-70.99
TO,"West Warwick","West Warwick",RI,02893,41.70,-71.52
TO,"Westerville","Westerville",OH,43081,40.13,-82.93
TO,"Westford","Westford",MA,01886,42.58,-71.44
TO,"White Plains","White Plains",NY,10601,41.03,-73.76
TO,"Whitmore Lake","Whitmore Lake",MI,48189,42.44,-83.74
TO,"Wichita Falls","Wichita Falls",TX,76301,33.91,-98.49
TO,"Wickenburg","Wickenburg",AZ,85390,33.97,-112.73
TO,"Wilbraham","Wilbraham",MA,01095,42.12,-72.43
TO,"Willis","Willis",TX,77378,30.42,-95.48
TO,"Willow Spring","Willow Spring",NC,27592,35.58,-78.66
TO,"Wilton","Wilton",CT,06897,41.20,-73.44
TO,"Windermere","Windermere",FL,34786,28.50,-81.54
TO,"Windsor","Windsor",CO,80550,40.48,-104.90
TO,"Winterville","Winterville",NC,28590,35.53,-77.40
TO,"Woodhaven","Woodhaven",MI,48183,42.13,-83.24
TO,"Woodinville","Woodinville",WA,98072,47.75,-122.16
TO,"Woods Cross","Woods Cross",UT,84087,40.87,-111.89
TO,"Wurtsboro","Wurtsboro",NY,12790,41.58,-74.49
TO,"Xenia","Xenia",OH,45385,39.68,-83.93
TO,"Yadkinville","Yadkinville",NC,27055,36.13,-80.66
TO,"Yorktown","Yorktown",VA,23690,37.24,-76.51
TO,"Yorktown Heights","Yorktown Heights",NY,10598,41.27,-73.78
TO,"Yuma","Yuma",AZ,85364,32.69,-114.62
TO,"Zephyrhills","Zephyrhills",FL,33542,28.23,-82.18
TO,"Zanesville","Zanesville",OH,43701,39.94,-82.00
TO,"Des Plaines","Des Plaines",IL,60016,42.04,-87.89
TO,"East Northport","East Northport",NY,11731,40.88,-73.32
TO,"Floral Park","Floral Park",NY,11001,40.72,-73.70
TO,"Hingham","Hingham",MA,02043,42.24,-70.89
TO,"Loganville","Loganville",GA,30052,33.84,-83.90
TO,"Ossining","Ossining",NY,10562,41.16,-73.86
TO,"Parkersburg","Parkersburg",WV,26101,39.27,-81.56
TO,"Tacoma","Tacoma",WA,98402,47.25,-122.44
